Article Headline,Article SubHeadline,Movie Article Image,Eyebrow Headline,By,Article Date
New on Netflix in August 2025,"Stream new seasons ofWednesday,My Life With the Walter Boys, and more.",https://dnm.nflximg.net/api/v6/BvVbc2Wxr2w6QuoANoSpJKEIWjQ/AAAAQaP93YYamJCV3aeJGy0SstWi0NgkYqnadRBEt7Gs2f9JY2-ESreE27A6beVvPHPB-ihUSExTS5bZ_pfny5FUMcsG8xD7C5tFqE80W1VLukIVLTht79UiRNlYEd39lY45cxFdiiJJUq6lHRIucDn6y7L5Z-Q.jpg?r=dda,New on Netflix,By Ananda Dillon,July 31
Wednesday Season 2 Cast: Meet the Extended Addams Family Universe,From the Addams family to the outcasts of Nevermore Academy and beyond.,https://dnm.nflximg.net/api/v6/BvVbc2Wxr2w6QuoANoSpJKEIWjQ/AAAAQTCVuZdtTEt1k6XJkm5eqvLzgnWi4fnO_zhb0-hDOxtDunxMg5NlsQyQHMojt3x9MBdJbUHvhRyZBUwnUnjd85fbwEWWzACOhOfnpq1jGW_I6ex7xY-3yKRV7x-q66oJvU6-EQ7biDENBh9055CG2eBtvBI.jpg?r=af7,News,By Ariana Romero,Yesterday 1:40 pm
"The Hunting Wives Ending Explained: Who Lived, Died, and Committed Murder?",Here’s everyone who fatally pulled a trigger in the Texas-set drama.,https://dnm.nflximg.net/api/v6/BvVbc2Wxr2w6QuoANoSpJKEIWjQ/AAAAQZzMeOU0NdTMC_NwkQ3rUmJ6h5JRYgVQbOl80e_J-EPFn_KZITIrE3Ryr9ulkCLL5zU--fDbmFCwA5TOI6YTF0npUegkxOZ6wJAzBquFd2Gqx8rgARSb0OxmnMrZrct-x1NYPVkhZ9L7e6BzXJfn.jpg?r=d4f,Deep Dive,By Megan Vick,July 23
The Thursday Murder Club Is on the Case,Richard Osman’s novel is coming to your screen in August. Watch the trailer now.,https://dnm.nflximg.net/api/v6/BvVbc2Wxr2w6QuoANoSpJKEIWjQ/AAAAQbiXdXuxFLhUvPR0KS3MFPYyGDpFkQtVlXdouzNYJUOLrQEpUcxGRc9_YLQTfoW6EFcoAj-ljzuWXDCRv1USqm9JkCKgDXyP4JLVF0jty8woVptCI7OQ7gvfKzPH2HQhcCQM4IOka7HTcNZ_VKKa0drj0b8.jpg?r=999,News,By John DiLillo & Brookie McIlvaine,Aug. 7
Space Movies To Stream Now,Get ready to embark on an interstellar adventure from your living room.,https://dnm.nflximg.net/api/v6/BvVbc2Wxr2w6QuoANoSpJKEIWjQ/AAAAQajBqIuIK-uL4R1kDw7eP1urj98q9s5yjH2MFc-74eUjeKtIK-UO8Sjv2U1ZsanfChp2CUAbWbr1tGhw2vlZ1UPAQRQwYTz86kMfbvwl3zF3SEDBx1h0ed6uGBNoaCLs_wn15n0ToR7YGbs8hChL4f5SU4A.jpg?r=d8e,What To Watch,No Author Mentioned,Nov. 11
Epic Fight Scenes That Will Have Your Jaw on the Floor,Mind-blowing combat never looked so good.,https://dnm.nflximg.net/api/v6/BvVbc2Wxr2w6QuoANoSpJKEIWjQ/AAAAQT-qrEI8-697biZtQ7Kb5dT5hjg-XnxLCZMQ19BNymndckDcQTEw1ib1dVyO3rR-gpKf-fkIcQh0HmZbjG8YiezEJJ9dQ0NDbH0uMowD-lKicU6fza_9Fduse7W52_tThuPnNaTpXGue29OXRSAUc0x_-Hw.jpg?r=31a,What To Watch,No Author Mentioned,Nov. 8
Get Spooked with These Recs from Your Favorite Netflix Stars,Ready for your next scare?,https://dnm.nflximg.net/api/v6/BvVbc2Wxr2w6QuoANoSpJKEIWjQ/AAAAQcFaKX0OaGS0BrFvUR0tQeeOlP0aOs9YfodSKl2IreXKqsUSgjJZbjyyQ_kT3RM0jVrk7PkyCYGpB-2SBQuvSGsQWQT_6ONWT-XRJdWJlm0jlNSuZmwgWAiH-Cpw-jh2k_YwNXE4EdeuBKIxTldJb3DBMvc.jpg?r=f92,What To Watch,No Author Mentioned,Oct. 29
What Geeked Week Stars Are Watching on Netflix,"Dive into the queue with stars from 'One Piece,' 'Cobra Kai,' and more.",https://dnm.nflximg.net/api/v6/BvVbc2Wxr2w6QuoANoSpJKEIWjQ/AAAAQfctB_Ll76rysGBny8EbWliqf1fk6emgK_-3yd6l--rVvpbKcGLDsp1xn-TO6eywj8eCtys2aJ14UvXYGyeXbF7HqkFjru9oDzZJ10ojh9NacwwCQcj3xWZ2Sw06ghzIL-fNyVGvKioMuvEX_29u62ljBm4.jpg?r=8a0,What To Watch,No Author Mentioned,Sept. 28
ONE PIECE Sets Sail for Season 2 in 2026 ,Here’s everything to know about the journey ahead.,https://dnm.nflximg.net/api/v6/BvVbc2Wxr2w6QuoANoSpJKEIWjQ/AAAAQfzYDJ_4tRz4_wcVR91zb-ObPE_FFrZrOZUBC_jwI0DVAr2AxPc1sAxIc3xBriKQSEUqf8SjctAweTyHDM24fyMpHmYqQE6ZtVndGWEG4Z7zPCaKzsrX-4ZgnyNFQtuZsWTPAuCOZy3r2Av2xTK0yJAPsoI.jpg?r=85d,Guide,By Tara Bitran and Keisha Hatchett,2:00 am
Let’s Unpack That Shocking Wednesday Season 2 Mid-Season Finale Ending,"The cast and creatives on who dies, who survives, and what’s next.",https://dnm.nflximg.net/api/v6/BvVbc2Wxr2w6QuoANoSpJKEIWjQ/AAAAQTduG7OyN8hApzfm7oksLiGpdQMiGuRwyOWy5X1BlkmAIhWQ_TcpmezGjEpcBeHoZDf2jyybb_2u5nG_kzPMiYuadJLEtcFZTWRoy9Jpuas8WsD9Yl2dUEqTSRhnJtZdk1vI9jSrIB6M6HCtrsHRH79LU3k.jpg?r=f7d,Explainer,By Keely Flaherty,Yesterday 1:01 pm
Inside the World of Wednesday Season 2,The darkness is in the details.,https://dnm.nflximg.net/api/v6/BvVbc2Wxr2w6QuoANoSpJKEIWjQ/AAAAQXar9gZxWsEQ4SyZRImOpIC7CJdzhN-hjB29Tcc2uLIPp4-Ww_6fRfYmXVYoQycPAjoAT3Kp4-8YQZYe2x40XoYoVciOUtUcX14BQP3bVcro4SLFNRs2TzGy5DXeyh3nywdmtIJRcm_vubjXw03i-m7TX6E.jpg?r=c2d,Deep Dive,By Stephan Lee,Aug. 8
WWE Raw Preview Aug. 11: Naomi vs. IYO SKY for the Women’s World Championship,"Plus Dominik Mysterio, Jey Uso, and Becky Lynch.",https://dnm.nflximg.net/api/v6/BvVbc2Wxr2w6QuoANoSpJKEIWjQ/AAAAQce9_qqt1joviMPqrIS3PFTFsKD6sL1JfEZsUqB41wB2zEiekhV51hthXQTJJZzmylqEMDE0Sw4rTt1vbxZ7ZrosVQJNNJ9Ez23d_1yIx-ZP4-eSxDar6jOmLaNlM6l5oGGM0uq4KDXkiydrRlncsXrIdvI.jpg?r=b95,News,By Christopher Hudspeth,Aug. 8
Get Away with These Shows and Movies This Weekend,No passport needed.,https://dnm.nflximg.net/api/v6/BvVbc2Wxr2w6QuoANoSpJKEIWjQ/AAAAQSL9NzhTgfRn3d_4Wu5WFkkBkhUUhMElle6K-KCm8lBl9Orxjvz5gwcRFJHxOQ6TiPyGseggN2D50J5silf5fNRvKM0h8dLMPyaxt8hG0-P7g3QiuqqmJ4LWj0My716h5hLFmHADVr03L_gKeFwoqDSbq_A.jpg?r=f78,What To Watch,By Mary Sollosi,Aug. 8
What to Know About Gerard Butler’s Gods of Egypt,"In the film, the fate of creation rests in the hands of a god and a thief.",https://dnm.nflximg.net/api/v6/BvVbc2Wxr2w6QuoANoSpJKEIWjQ/AAAAQf01EhgzI8VcU0ZwNigyPpnt8J2KDJZNOMa4XQl6YBcJVnBjZ7U7ZXaGV4j14t-oFImnI3bRAfFSmjpIyfXxNjE4O04_YZ2iDA-BqOAHWr-wRyHjzeUDyyNYJkI1h_l4jG1qkgM7MvHTQYlvR9W16lZZ75c.jpg?r=fa2,Deep Dive,By Krutika Mallikarjuna,Aug. 8
Billie Piper Sinks Her Teeth into Wednesday Season 2 as Isadora Capri,"Meet Nevermore’s new head of music, who’s howling her way into Season 2.",https://dnm.nflximg.net/api/v6/BvVbc2Wxr2w6QuoANoSpJKEIWjQ/AAAAQcln0NhuJ7ebFHq1eL9BSjRMZMqrWj_n2iHj9Ut5e5SAEcC0WhoUuxrkIYEn8VB1mc8MzRaVlvo4OlICZfRKThr5-tnkr4zgdM-9utliIScYAVzyVHAobu0D76sdA4Wt5Bpoxm2AQ1QyE8uRU4VuwOCYHUw.jpg?r=212,News,By Christian Zamora,Aug. 8
6 Movies About AI You Can Watch Right Now,"Hey Siri, add these movies to my watchlist.",https://dnm.nflximg.net/api/v6/BvVbc2Wxr2w6QuoANoSpJKEIWjQ/AAAAQRzydZuKtlDP0wySqWoDubRYb3WlzOcRX9I4r-GAmgocpHlOQ6rmRAsHNYBuArKfPqy_bRE3yHrzmPhQrYMqN7t8xFzQKx0391mznvbcp2H1Ve3JNaTVUDDqADyqIYAs2wgfCRkz88m8IzVDe-GR6V5bFZA.jpg?r=069,What To Watch,By Erin Corbett,Aug. 8
Love Con Revenge Unveils the Dark World of Romance Fraud,FollowTheTinder Swindler’s Cecilie Fjellhøy hunt for romance scammers.,https://dnm.nflximg.net/api/v6/BvVbc2Wxr2w6QuoANoSpJKEIWjQ/AAAAQf8k6Bml7kEanhpxc5LZ7xVmEmn-Q_v4odvVKOq8yks6c8xWEv5SyXfznPq9rMe5PDc7htYvUZ6K6lEoy2HF0V5StQOE2gOXjre1EZj_WSgAiDk1Nz9vtq6UuDorUTazAXH-IkVnhLP0M1G0P9EOAt4zXpU.jpg?r=46c,News,By Troy Pozirekides,Aug. 8
Watch the Love Con Revenge Trailer,FollowTheTinder Swindler’s Cecilie Fjellhøy hunt for romance scammers.,https://dnm.nflximg.net/api/v6/BvVbc2Wxr2w6QuoANoSpJKEIWjQ/AAAAQSsdY6vP4bETUx-V3qdgmWMdkGPtYBLOMlUS3eiO-FHeRkMmV6mLgD1wXXBWlrUmEYv3dqTrUIqey7TG3Pi_nXzTdN99jfcjZT661l8ENYNQYlZUgSriUrqfoxT-TeKIiPi3JYUE3o1nX3uOlf45zCRsFJU.jpg?r=f4a,Trailer,No Author Mentioned,Aug. 8
She’s Back: Wednesday Season 2 Is Now Streaming,Here’s everything to know about Wednesday’s return to Nevermore.,https://dnm.nflximg.net/api/v6/BvVbc2Wxr2w6QuoANoSpJKEIWjQ/AAAAQcjqGozZxNBo2panMAZgMT70U-ftMvHRvpKRvXG13QuDafaDy-W7wKRl5iCpdju_BjJw0wQnKQwMdPjnP5ffHav-UnNyZRnh_lwQrWgFe8XqzdE4CY5LRMFRGxz-61vCYDFLYx5X0s2cFNEmtlYj68jX_NY.jpg?r=414,News,By Stephan Lee and Ariana Romero,Aug. 8
"Goals for 2027, 2031: More Women’s Soccer on Netflix",Netflix will be the home for the next two FIFA Women’s World Cup tournaments.,https://dnm.nflximg.net/api/v6/BvVbc2Wxr2w6QuoANoSpJKEIWjQ/AAAAQRJ0j9FLU3Q1Ww9azsmj2kRBaVJ8yVTZU-JkkR3ABFWrJT09AklVDAqwnY8OInjb9mma32Wv5S9zEieBvzHJ4NuHzvm8pwqp7-xSrgPs6LQ1q_HjF1Mj5d4dR3KTpoSo8RF6EqDHy1_YeSAmzwzE0bGwoYU.jpg?r=30c,News,By Henry Goldblatt,Aug. 8
"Everything That I, Thing, Wished For on My Birthday",None of which Wednesday gave me. Happy birthday to me.,https://dnm.nflximg.net/api/v6/BvVbc2Wxr2w6QuoANoSpJKEIWjQ/AAAAQSXtKCaWwAbMvUpqe2zZ6cLut36tdjbX33mY3OCYHfOeBDhDCCQizOLxkkT0tT9JXF1zZx3CyWFlODevFXMjiwNTBcwAmcEVgcM0VErw7EwRxrAoNLTvOAOZyM3lNmG2xKm7ei5BlXgX0tSyuYtnMZ6_LGI.jpg?r=d91,On Set With,By Thing,Aug. 8
Canelo vs. Crawford Just Got an Official Start Time — Here’s When to Tune In,"Stream the boxing event live on Netflix on Sept. 13, included in all plans.",https://dnm.nflximg.net/api/v6/BvVbc2Wxr2w6QuoANoSpJKEIWjQ/AAAAQe0SNu4XvoX7FhlB-fVEiQQotuQC1HdArO3BiDABEva70feNdin76z00WmgaDlZpD_DLz9-Rf4WiKuMXhfYTYvon-bWlF2RCUo2ZEJ6lpkxlgDt4-VAXIVcckc4gj4279lGDrNNVHvuHjUYriOlc.jpg?r=92d,News,By Amanda Richards,Aug. 8
Mae Martin Will Open the Door to Wayward This Fall,"The upcoming drama stars Toni Collette, Sarah Gadon, Patrick J. Adams, and more.",https://dnm.nflximg.net/api/v6/BvVbc2Wxr2w6QuoANoSpJKEIWjQ/AAAAQZMteZOZlnObt4mppkFubH1zY4lURpzWgkIIaUqQ4ojGvi-ds6WrJNUHMSNzyv4zuGyQRuvIpQJgu4djAr0QyasY-8uy2D_InhCj5WlA-ZyzY3lGdfEAkrlj6dFQh47EXppnv8XDwzRJe2WTdtNieNjGhq4.jpg?r=fb6,News,By Ariana Romero,Aug. 7
See Toni Collette and Mae Martin in Wayward First Look Photos,The series premieres Sept. 25.,https://dnm.nflximg.net/api/v6/BvVbc2Wxr2w6QuoANoSpJKEIWjQ/AAAAQVqt3isUal9JynlfFzRlXDWMpDcbCKsR_CHayahggKmuwMYji8S6lnlih9erVcjklaym627bZWrqIi__MjLZag_EDrrSWsVQjmlpPi3gxcEQBNwRhAfYyhxOI2P005OwHw3C62hGJtqah10yTmud000mRSQ.jpg?r=c4d,Gallery,No Author Mentioned,Aug. 7
What to Know About the Romantic Comedy Series Love Life,The 2020 show explores dating in your 20s and 30s in New York,https://dnm.nflximg.net/api/v6/BvVbc2Wxr2w6QuoANoSpJKEIWjQ/AAAAQQ1Hjhmn67m6XnGqC9oY7HwmS0Xa26O-Z0XdRgDgOkko_ACK3Pna9Tfj31_eiRfW0vx9KTCImr3vuIFCxFnBUrsN2IjyZQ5IGNVr07sVSdsgg07u-_NAMFlW7BigeFpXNhcL6fPX8ESNfGi-FWmRMOuiM5E.jpg?r=215,Deep Dive,By Kerensa Cadenas,Aug. 7
The Addams Family Women Are a Vision ,"Jenna Ortega, Catherine Zeta-Jones, and Joanna Lumley chatWednesdaySeason 2.",https://dnm.nflximg.net/api/v6/BvVbc2Wxr2w6QuoANoSpJKEIWjQ/AAAAQQ9xO8zhbnqXejJ5jzC06OxM6ugmJ8na7arOvT7NePBFw3q3zP7J5JtC8gTwEWH-SKAskhWLaymWzLUzp4Vrt1A1ScJCmT7JGsftvFN2hv8IKTzAkTvtSsSkfaCg3DJGIjjrDl0onY6Oc8iN7LNWko6H_L0.jpg?r=6b0,Up Close,By Ariana Romero,Aug. 7
Building the Band: Which Bands Are Still Together and Who’s Released New Music?,"Check in with 3Quency, SZN4, Soulidified, Midnight Til Morning, Sweet Seduction, and Siren Society.",https://dnm.nflximg.net/api/v6/BvVbc2Wxr2w6QuoANoSpJKEIWjQ/AAAAQSwYf1la1uJOsrODVR_-7nfdtTMD--9bpfMJrXYkW2eOD_KkGEiehNcS-Mq9bXhqzgou5PUDn5IOq9dgA3t4FPSH1NMQScFlFHs-yRAJ5zktrlKnFK4hG-WJ_30C3syQd0zPyQEq3vxK_iu5MFT_ZsV14Lw.jpg?r=9dd,Status Update,By Olivia Harrison,Aug. 7
Everything to Know About John Cena’s Action Comedy Freelance,Alison Brie is a reporter who hires Cena as a bodyguard in this action comedy.,https://dnm.nflximg.net/api/v6/BvVbc2Wxr2w6QuoANoSpJKEIWjQ/AAAAQb08SDBC11aQ9AiHWc74_gZJfSPQyF_mQBzh3IOJe44KpBC4s9MM9ZNRX_GyF9ubMSrl3WFfkB5uRH1LEKfGgTLE7aa645JmQiUubv5zDnc6kwyoZ5sdP-E4RxVHYi5lNleWFHCZgO8TH3YWfw_cM-BjxjU.jpg?r=5f3,Deep Dive,By Krutika Mallikarjuna,Aug. 7
Dark and Twisted Shows to Delight Your Inner Wednesday Addams,These woefully wonderful watches will satisfy all morbid cravings.,https://dnm.nflximg.net/api/v6/BvVbc2Wxr2w6QuoANoSpJKEIWjQ/AAAAQbtfTUs2ug1-cM1xjZDBBKP7huJ90U6LWQR2ivzE6jBv1qPfYyqA6cDCxSaomznUEiO81ZmfNpTIfve-QTsKjPYy4jhVO2uNl_goFdXkbs6-jwzX73Yiv6ez11vRuVdalYNo5_mM7OJx8jV9Tpz73pLCbK8.jpg?r=8ec,What To Watch,By Ananda Dillon,Aug. 7
Watch The Thursday Murder Club Trailer,"Starring Helen Mirren, Pierce Brosnan, Ben Kingsley, and Celia Imrie.",https://dnm.nflximg.net/api/v6/BvVbc2Wxr2w6QuoANoSpJKEIWjQ/AAAAQYE2qs714qXXqMvg7JKrANe4-1zu-9kUztsX5wlr1W59WWdKvtA5zqHjFrk50Ayz0kx-Vtk9Xaw9MTpW7EFmTvZVo0HvHmH2GMFX8avpRMXbuvREnwhlnmnPAMrkyjxICISY9pZD2R8NKGC1k_iP5bFfS3M.jpg?r=254,News,No Author Mentioned,Aug. 7
The Endless Have Been Immortalized in This Epic The Sandman Mural,Illustrator Rory Kurtz explains how he celebrated the characters.,https://dnm.nflximg.net/api/v6/BvVbc2Wxr2w6QuoANoSpJKEIWjQ/AAAAQZbe24H-ODOA7jUBECydwjPSVJLOPHHT6L-QBcPJu-wuGaCnK_Cry3wMxVsFkKp-ze4qehJzhnNt8gnmT9ANkSx2npuvOU7_vsh5EWS3Sqd21ov4ww9cSsotEHn46NEZVYu4xcdtPkc9bJSQwxiR2uUSB1w.jpg?r=f0d,Interview,By Keisha Hatchett,Aug. 7
Jenna Ortega and Emma Myers Talk About Their Friendship Beyond Nevermore,"“Oh, when we first met it was awkward.”",https://dnm.nflximg.net/api/v6/BvVbc2Wxr2w6QuoANoSpJKEIWjQ/AAAAQU74eGfhKjaYWV_tuX0Cm6lxAbTtREdl2dHNj7p1NjZzc7CPGwxRFTOeFXZvoJ7r8P5H9ePaBiNCT4-Phthu_1DpYlYDSLUgzafrz1pxZSZcZlANkMh8BA1NiCNXz7S4Av8tN21B8IF7FvA3p9Gnlgdyw1Q.jpg?r=2cd,Deep Dive,By Keely Flaherty,Aug. 7
"What is a Hyde? Wednesday’s Most Terrifying Monster, Explained",Season 2 reveals some new monstrous twists.,https://dnm.nflximg.net/api/v6/BvVbc2Wxr2w6QuoANoSpJKEIWjQ/AAAAQRm3MC0VTjJg-laZAvSddinKqx4fS2s3GUFUW0zfFw_NiSeROul5yntZy9JDtXiXNKYt3RBkQaYdtT1z2gYC_LSjOHib7b_bkVnbgMciEpyprPDR1UK_mJ21L_ISTkgnMVmUeluVEI7gJykqhPpj4rPERHw.jpg?r=996,Deep Dive,By Tara Bitran and Anne Cohen,Aug. 6
Corey Mylchreest Will Steal Your Heart in My Oxford Year,TheQueen Charlotteactor breaks through with his debut film role.,https://dnm.nflximg.net/api/v6/BvVbc2Wxr2w6QuoANoSpJKEIWjQ/AAAAQXSKN05I9HdPipdMVLip1ZHK_jaOcOTMsdKj8_EmgGCoKxOZynfhT9IerpTkWgimlryp1fH60gZOidwS_mChZnGo__rTZixTrgcGg87oYi_py60N6T5yj5RaHqa-s_1NE-wx1XBOQ36QW_mWs5RbbQMRsYY.jpg?r=42a,Actor,By Brookie McIlvaine,Aug. 6
See Sofia Carson and Corey Mylchreest Fall in Love in My Oxford Year ,"Romance is on the syllabus in the new film, out now.",https://dnm.nflximg.net/api/v6/BvVbc2Wxr2w6QuoANoSpJKEIWjQ/AAAAQXoWOmDg_37qh8ociVcgZF28riTa_9W1DMzmA7AbvlqtxHQjoy5k4spbYQWAjablQbSZrEaDaUMghi_vOM5CgRA5gMbotmashT5DMJ3xNFg2phvnE0Y0iiHoIgbxGSqsU-3G71RD-dz2LQJNFMw7jiyGeyc.jpg?r=e2f,Deep Dive,By John DiLillo & Brookie McIlvaine,Aug. 6
Watch The Wrong Paris Trailer,Miranda Cosgrove stars as a dating show contestant with Parisian dreams.,https://dnm.nflximg.net/api/v6/BvVbc2Wxr2w6QuoANoSpJKEIWjQ/AAAAQblO4SqA7wqp5MhhIFSm0vmNiGW15j3WFtF4702falp8tKfV_DUIRjf21yLEn5JDry3nKoIeFjrrbTy6Qe4kKGNuq6Z05jXTX54yUDr6Qk104iIDCcagbne9jlZN_thPl_eaKMRSbjhkdb0EHTvn4oFHbgo.jpg?r=ec5,Trailer,No Author Mentioned,Aug. 6
Evie Templeton Breaks Out of the Shadows in Wednesday Season 2,The young actor talks about her star-making role as Wednesday Addams’s biggest fan.,https://dnm.nflximg.net/api/v6/BvVbc2Wxr2w6QuoANoSpJKEIWjQ/AAAAQWIeJoHw39Rz9YBzH4itCei6k6fdGNXclCv3AqlCUvESkx_T8AiFQITp7dlJ38RzUFmCKzsjzHF-OAcHw5f4s0pod1i6YkxIQVnUiqngsjNb3SBveUm_JKp52BPHof_iMvdFeYql2_uoCzvpjyRp-p8n0wc.jpg?r=c91,Deep Dive,By Keely Flaherty,Aug. 6
Jenna Ortega Dissects Wednesday and Enid’s Friendship in Season 2,Watch Episode 1 ofTheWednesdaySeason 2 Official Woecast.,https://dnm.nflximg.net/api/v6/BvVbc2Wxr2w6QuoANoSpJKEIWjQ/AAAAQexzYFFV4vfMEzVTukoJTFGuoHeT2tbONAA7mKvPlrmN_OeZZueKvmSSFBLJ1LxiBaxIsPawP-j44gh3O7bzti4V-3VewGkqfAEfJxlJlHFeTYkXUWimw7ScI8XXtS0p7UvS5RoO-dvBJeEsFMVfRzJ8g0o.jpg?r=7b8,Podcasts,No Author Mentioned,Aug. 6
KPop Demon Hunters Is Now Netflix’s Fourth Most Popular English-Language Film,Here’s everything to know about the fiercely fun animated film.,https://dnm.nflximg.net/api/v6/BvVbc2Wxr2w6QuoANoSpJKEIWjQ/AAAAQSl0SPo09c2im8S4pIr1RN1rh7H83RcusFZm4L9E4jdoRgHNO6IA0h1v4CSydjYZqW5DimYPniJNWCXm9CbHFolquOR8_k1u9YF4DEVz3OXTCDVDxa9KRMZOinInx0gbi9EvB02uSXpRzxHSg9QG_S-ct7s.jpg?r=83b,News,By Keisha Hatchett,Aug. 6
